16,sunnyvale
16,california
19,palo alto
20,hamburg
20,germany
35,san francisco
38,malmo
43,london
44,mountain view
50,atlanta
50,los angeles
60,new york, ny
63,new york, ny
71,atlanta
87,norway
87,oslo
95,los angeles
97,baltimore
112,san francisco
115,new york, ny
116,united states
117,israel
117,new york, ny
118,new york, ny
119,san francisco
121,columbus
123,washington, dc
127,los angeles
130,seattle
134,trondheim
134,norway
135,moscow
135,silicon valley
147,seattle
149,silicon valley
150,columbus
154,palo alto
160,silicon valley
163,canada
166,boston
167,san francisco
171,los angeles
174,san francisco
179,los angeles
179,san francisco
182,silicon valley
185,san francisco
192,atlanta
193,thousand oaks
194,san francisco
195,san francisco
198,San Mateo, ca
203,amsterdam
206,somerset
209,austin
212,philadelphia
213,chicago
214,san francisco
217,san francisco
221,san francisco
221,new york, ny
223,ann arbor
227,san francisco
236,san francisco
238,san francisco
239,netherlands
249,toronto
249,silicon valley (visiting)
257,london
263,san francisco
266,largo
268,los angeles
272,los angeles
279,new york, ny
281,san francisco
287,san francisco
289,los angeles
303,utah
304,georgia
312,san francisco
319,atlanta
319,united states
321,new york, ny
323,london
340,new york, ny
343,bloomington
343,indiana
349,bangalore
351,new york, ny
352,los angeles
354,vancouver
355,houston
358,las vegas
360,new york, ny
362,menlo park
362,silicon valley
362,california
364,cleveland
366,east coast
367,redmond
378,seattle
384,austin
389,san jose
390,california
392,atlanta
400,austin
401,austin
410,london
426,seattle
428,san francisco
433,russia
437,cagliari
440,san francisco
442,charlotte
445,san jose
448,new york, ny
456,austin
457,salt lake city
459,austin
466,san francisco
469,new york, ny
472,san francisco
476,austin
480,new york, ny
482,san francisco
485,amsterdam
486,victoria
487,san francisco
493,singapore
496,portland
498,provo
499,toronto
503,silicon valley
504,san francisco
514,san francisco
515,washington, dc
516,new york, ny
517,los angeles
519,belgrade
519,serbia
523,new york, ny
524,san francisco
525,philadelphia
531,japan
533,new york, ny
534,new york, ny
537,new york, ny
537,india
554,london
555,san francisco
568,san mateo
575,durham
587,new york, ny
589,oklahoma city
590,los angeles
592,san francisco
595,trois-rivieres
598,portland
608,canada
617,spain
630,los angeles
631,san francisco
639,san francisco
641,new york, ny
647,san francisco
648,philadelphia
649,san francisco
651,austin
652,new york, ny
654,austin
659,san antonio
665,los angeles
665,calgary
674,tokyo
684,san francisco
685,san francisco
687,chicago
688,san francisco
690,cambridge
695,new york, ny
702,chicago
703,los angeles
707,menlo park
709,boston
711,berlin
712,united kingdom
713,san francisco
714,silicon valley
720,palo alto
724,los angeles
729,toronto
729,canada
746,san francisco
749,toronto
751,walnut
752,toronto
752,canada
762,colorado
763,kansas city, mo
764,new york, ny
766,santa rosa
773,san francisco
775,new york, ny
780,palo alto
780,london
782,san francisco
787,san francisco
789,israel
789,united states
789,tel aviv
797,silicon valley
798,chicago
811,san francisco
813,san francisco
815,palo alto
817,palo alto
818,seattle
820,redwood city
822,detroit
824,mumbai
824,india
826,new york, ny
832,silicon valley
836,new york, ny
841,california
845,san diego
847,silicon valley
852,weston
855,new york, ny
856,boston
858,new york, ny
859,san francisco
867,oakland
871,rockford
873,cambridge, ma
877,brazil
882,vancouver
884,boston
886,austin
890,ukraine
890,odessa
900,new york, ny
903,new york, ny
904,london
907,san francisco
915,palo alto
917,san francisco
923,san francisco
924,sunnyvale
925,palo alto
927,burbank
928,alabama
930,minneapolis
933,sunnyvale
937,omaha
946,san francisco
954,new york, ny
956,san francisco
961,new york, ny
962,san francisco
963,romania
966,new york, ny
967,mission
972,new york
975,london
977,los angeles
979,boulder
982,orlando
987,bristol
990,austin
993,san diego
994,new york, ny
994,philadelphia
995,missouri
999,santa clara, ca
1003,palo alto
1014,california
1023,san francisco
1023,silicon valley
1034,delaware
1043,san francisco
1045,palo alto
1050,new york, ny
1050,israel
1051,cincinnati
1074,san francisco
1077,san francisco
1080,chicago
1091,san francisco
1095,south africa
1097,palo alto
1099,oakland
1102,new york, ny
1104,san francisco
1109,new york, ny
1110,chicago
1116,bremerton
1124,mountain view
1124,silicon valley
1124,new york, ny
1124,mexico
1124,india
1124,brazil
1125,san francisco
1131,brussels
1131,belgium
1136,las vegas
1140,houston
1148,new york, ny
1154,richmond, ca
1158,new jersey
1163,portland
1170,new jersey
1183,united states
1183,earth
1184,san francisco
1187,new york
1202,new york, ny
1214,san francisco
1216,florida
1219,atlantic beach
1221,saint petersburg, fl
1222,new york, ny
1226,los angeles
1232,silicon valley
1240,boston
1242,san francisco
1246,scottsdale
1247,palo alto
1258,dallas
1269,california
1281,santa clara, ca
1283,new york, ny
1284,st. louis
1286,sydney
1295,norwalk, ct
1296,boston
1298,phoenix
1302,chicago
1305,chicago
1306,california
1326,new york, ny
1328,new york, ny
1342,toronto
1353,philippines
1355,menlo park
1360,burlingame
1377,silicon valley
1380,united states
1384,manhattan beach
1390,madison
1390,chile
1410,san francisco
1415,san francisco
1421,san francisco
1427,austin
1441,san francisco
1445,silicon valley
1447,burlingame
1454,new york, ny
1467,silicon valley
1470,berlin
1474,cincinnati
1480,louisville
1491,dubai
1497,santa monica
1509,united states
1515,seattle
1522,austin
1527,japan
1541,seattle
1546,san francisco
1547,dallas
1556,burlington, ma
1559,chicago
1561,san francisco
1562,columbus
1562,ohio
1566,cambridge, ma
1569,london
1571,chicago
1583,san diego
1585,chicago
1589,brazil
1595,san francisco
1598,colorado
1600,bucharest
1607,new york
1618,palo alto
1620,new york, ny
1624,los angeles
1625,san francisco
1627,las vegas
1627,united states
1635,los angeles
1635,silicon valley
1639,palo alto
1653,san francisco
1655,new york, ny
1657,silicon valley
1663,mountain view
1664,san francisco
1669,israel
1671,santa monica
1673,london
1674,united kingdom
1675,california
1684,london
1688,silicon valley
1693,san francisco
1699,san francisco
1701,boston
1702,san diego
1708,oakland
1713,san francisco
1715,los angeles
1721,san francisco
1745,nairobi
1745,kenya
1746,san diego
1750,australia
1752,bangalore
1755,philadelphia
1761,boulder
1762,san francisco
1766,san francisco
1769,san francisco
1778,santa monica
1783,palo alto
1786,santa monica
1786,burlingame
1787,san francisco
1795,san francisco
1796,san francisco
1806,boston
1807,india
1812,san francisco
1815,san francisco
1821,palo alto
1828,silicon valley
1836,chapel hill
1842,mountain view
1847,silicon valley
1850,new york, ny
1853,mountain view
1867,seattle
1868,mexico, mexico
1869,seattle
1870,silicon valley
1870,utah
1873,chicago
1873,san francisco
1881,los angeles
1884,san francisco
1886,mountain view
1887,evanston
1887,illinois
1888,san francisco
1889,palo alto
1895,new york, ny
1896,brattleboro
1897,new york, ny
1910,copenhagen
1910,denmark
1926,silicon valley
1933,new york, ny
1949,new york, ny
1953,san francisco
1958,boston
1962,new york, ny
1963,stockholm
1974,utah
1975,san francisco
1979,san francisco
1982,toronto
1982,canada
1982,los angeles
1982,new york, ny
1984,united states
1984,europe
1984,israel
1997,toronto
1999,san francisco
2004,poland
2010,new york, ny
2016,chicago
2032,san francisco
2033,india
2035,russia
2039,philadelphia
2045,san francisco
2049,north carolina
2052,new york, ny
2060,portland
2061,santa clara, ca
2062,silicon valley
2079,pittsburgh
2081,new york, ny
2088,austin
2106,new york, ny
2118,gardnerville nv
2120,san francisco
2121,san vicente, el salvador
2135,takoma park
2148,united states
2150,san francisco
2161,california
2163,silicon valley
2164,united states
2168,united kingdom
2169,san francisco
2176,austin
2179,new york, ny
2188,stanford
2190,nigeria
2197,new york, ny
2198,estonia
2204,new york, ny
2206,lisbon
2207,sao paulo
2215,australia
2215,sydney
2223,boulder
2223,argentina
2231,raleigh
2241,las vegas
2244,los angeles
2245,europe
2246,washington, dc
2247,london
2249,providence
2255,new york, ny
2256,los angeles
2256,boston
2258,serbia
2259,toronto
2260,singapore
2260,germany
2260,silicon valley
2263,san francisco
2275,san francisco
2284,dallas
2284,texas
2285,new york, ny
2285,shanghai
2294,vilnius
2304,phoenix
2305,san francisco
2310,toronto
2310,new york, ny
2310,san francisco
2313,new york, ny
2316,san francisco
2321,san diego
2323,warsaw
2332,san francisco
2337,toronto
2342,seattle
2345,birmingham, al
2346,sunnyvale
2350,new york, ny
2353,edmonton
2353,sydney
2359,london
2365,san mateo
2374,san francisco
2379,silicon valley
2386,san francisco
2398,san francisco
2405,los angeles
2407,vancouver, wa
2415,silicon valley
2420,new york, ny
2436,united states
2443,louisville
2450,seattle
2458,chicago
2469,israel
2481,austin
2497,pittsburgh
2498,new york, ny
2501,kentucky
2502,united states
2504,europe
2511,utrecht
2516,bangalore
2516,silicon valley (visiting)
2519,san francisco
2522,los angeles
2523,india
2524,burlington
2526,amsterdam
2526,new york, ny
2539,atlanta
2547,san francisco
2558,chicago
2559,campbell
2561,san francisco
2563,san francisco
2568,new york
2570,new jersey
2577,saskatoon
2593,singapore
2595,new jersey
2598,california
2610,san francisco
2628,toronto
2634,san francisco
2657,oakland
2658,israel
2658,united states
2662,rochester
2663,vancouver
2679,chicago
2683,germany
2683,munich
2699,austin
2704,london
2704,paris
2713,los angeles
2720,los angeles
2720,new york, ny
2743,india
2748,seattle
2752,mountain view
2757,hamburg
2758,san francisco
2765,san francisco
2771,san francisco
2772,austin
2776,new york, ny
2793,boston
2794,san francisco
3003,lithuania
3011,san jose
3016,portland
3019,atlanta
3022,india
3023,new york, ny
3024,silicon valley
3029,london
3029,new york, ny
3033,los angeles
3034,san francisco
3039,cambridge, ma
3042,new york, ny
3046,palo alto
3046,san francisco
3046,california
3046,silicon valley
3051,san diego
3053,washington, dc
3054,bloomington, in
3074,boston
3074,los angeles
3080,beverly hills
3082,oakland
3084,new jersey
3084,new york, ny
3087,new york, ny
3093,san jose
3099,minneapolis
3100,new york, ny
3106,santa monica
3108,new york, ny
3109,silicon valley
3111,new york, ny
3118,san francisco
3118,palo alto
3118,san diego
3121,florida
3122,quito
3129,boulder
3129,delaware
3130,silicon valley
3131,new jersey
3138,new york, ny
3141,seattle
3142,chicago
3146,new york, ny
3147,new york, ny
3148,amsterdam
3148,atlanta
3149,los angeles
3152,new york, ny
3156,toronto
3161,austin
3164,new york, ny
3165,durham
3166,new york, ny
3168,mountain view
3170,chicago
3171,silicon valley
3171,los angeles
3185,new york, ny
3186,san francisco
3188,overland park
3188,kansas city
3188,kansas
3188,earth
3191,san diego
3193,silicon valley
3193,new york, ny
3194,hong kong
3196,los angeles
3197,silicon valley
3199,ohio
3204,san francisco
3206,atlanta
3206,united states
3213,dallas
3214,spain
3225,cambridge, ma
3228,canada
3231,chicago
3232,overland park
3233,san francisco
3239,new york, ny
3243,chicago
3252,oklahoma city
3257,belgrade
3258,new delhi
3259,silicon valley
3260,mountain view
3261,mount vernon
3266,palo alto
3274,east hartford
3277,los angeles
3281,santa monica
3282,chicago
3289,houston
3291,united states
3292,new york, ny
3295,san francisco
3295,new york, ny
3296,san francisco
3306,laurel
3309,los angeles
3312,london
3316,rancho cucamonga
3317,cyprus
3317,sunnyvale
3318,boston
3319,sao paulo
3321,brunswick
3325,irvine
3326,milpitas
3335,nashville
3336,new york, ny
3339,san diego
3345,atlanta
3348,new york, ny
3368,los angeles
3370,boston
3370,new england
3370,united states
3372,fort lauderdale
3373,san francisco
3377,seattle
3379,san luis obispo
3380,houston
3383,vancouver
3384,london
3384,manchester
3384,vancouver
3384,edinburgh
3389,italy
3393,tel aviv-yafo
3395,munich
3396,cairns
3399,london
3400,paris
3401,warsaw
3403,new york, ny
3403,united states
3404,silicon valley
3405,sydney
3410,florida
3415,tulsa
3417,toronto
3418,palo alto
3420,mumbai
3422,honolulu
3423,orlando
3433,st. louis
3436,los angeles
3437,united kingdom
3437,western europe
3437,london
3442,san francisco
3442,madrid
3447,new york, ny
3447,hauppauge
3451,london
3451,united kingdom
3451,europe
3453,hawaii
3458,toronto
3458,mountain view
3460,new haven
3460,san diego
3460,boston
3460,new york, ny
3463,san francisco
3464,toronto
3473,mountain view
3474,los angeles
3474,san francisco
3474,new york, ny
3479,georgia
3483,seattle
3490,washington, dc
3493,portland
3494,palo alto
3496,delaware
6017,pittsburgh
6028,mountain view
6035,seattle
6057,san diego
6060,san mateo
6064,dallas
6073,bangalore
6073,india
6098,new york, ny
6110,estonia
6142,chicago
6165,chicago
6178,new york, ny
6185,sunnyvale
6189,toronto
6192,toronto
6208,toronto
6215,cambridge, ma
6224,phoenix
6228,rovereto
6235,austin
6242,los angeles
6244,san francisco
6261,los angeles
6279,earth
6279,united states
6279,united kingdom
6279,canada
6301,wilmington, de
6304,illinois
6308,los angeles
6328,san francisco
6335,denmark
6336,romania
6336,los angeles
6339,france
6343,san francisco
6357,switzerland
6357,london
6357,denver
6357,calgary
6382,sacramento
6398,saint louis
6401,toronto
6418,tennessee
6422,silicon valley
6427,san francisco
6434,new york, ny
6442,austin
6446,san francisco
6450,alexandria, la
6459,san francisco
6468,mountain view
6469,los angeles
6482,waterloo, canada
6482,palo alto
6486,boston
6496,mountain view
6497,united states
6528,san francisco
6548,russia
6551,san antonio
6565,california
6565,los angeles
6568,orlando
6569,san antonio
6571,shreveport
6577,israel
6580,tampa
6582,germany
6582,munich
6583,new york, ny
6588,california
6592,princeton
6598,naperville
6614,atlanta
6615,pittsburgh
6618,boulder
6633,new york, ny
6635,east los angeles
6635,los angeles
6643,philadelphia
6649,san francisco
6657,new york, ny
6662,san francisco
6668,san francisco
6677,austin
6692,berkeley
6692,hyderabad
6702,san francisco
6703,austin
6726,helsinki
6764,new york, ny
6764,san francisco
6771,tel aviv
6780,chicago
6819,connecticut
6821,silicon valley
6821,san jose
6821,san francisco
6830,united kingdom
6842,columbia
6845,santa clara, ca
6848,silicon valley
6848,san jose
6848,san francisco
6849,berlin
6878,san francisco
6880,mountain view
6893,san francisco
6894,silicon valley
6906,toronto
6917,midwestern states
6918,scottsdale
6925,san jose
6927,europe
6934,singapore
6934,sydney
6934,hong kong
6937,london
6952,zurich
6965,amsterdam
6979,san francisco
6980,los angeles
6981,san francisco
6986,boston
6989,new york, ny
6999,oak creek
6999,menomonee falls
6999,kenosha
7010,san francisco
7015,geneva, il
7021,los angeles
7024,san francisco
7037,switzerland
7037,italy
7048,sunnyvale
7072,toronto
7087,poole
7091,new york, ny
7095,silicon valley
7095,san francisco
7098,melbourne
7099,san francisco
7100,new york, ny
7126,washington, dc
7153,palo alto
7160,silicon valley
7168,seattle
7170,western europe
7170,france
7170,paris
7173,honolulu
7179,amsterdam
7181,rome
7193,italy
7215,san francisco
7228,reston
7256,annecy
7256,new york, ny
7259,chicago
7259,midwestern states
7261,sunnyvale
7267,irvine
7269,san francisco
7273,richmond
7276,san francisco
7281,new york, ny
7332,san francisco
7332,los angeles
7332,silicon valley
7332,palo alto
7341,arizona
7342,costa mesa
7350,new york
7361,san francisco
7382,san francisco
7407,los angeles
7411,silicon valley
7415,india
7415,africa
7433,new york, ny
7452,raleigh
7455,illinois
7474,san francisco
7475,singapore
7476,united kingdom
7484,indianapolis
7489,newark, de
7490,manchester
7492,austin
7510,atlanta
7523,oklahoma
7529,fremont
7546,san francisco
7547,bend
7578,london
7583,bellevue
7585,draper
7601,san mateo
7607,florida
7615,virginia
7615,washington, dc
7618,austria
7618,hong kong
7626,newport beach
7630,london
7645,san francisco
7660,new york, ny
7663,seattle
7671,frederick-md
7671,washington, dc
7697,haifa
7697,los angeles
7711,amsterdam
7717,lecce
7719,toronto
7725,paris
7727,italy
7735,washington, dc
7760,san francisco
7781,pleasanton
7782,maldives
7789,san francisco
7806,silicon valley
7806,sunnyvale
7817,chicago
7824,waterloo
7829,milwaukee
7849,madrid
7877,coimbra
7895,san francisco
7896,los angeles
7900,los angeles
7901,utah
7906,fort worth
7924,sonoma
7925,san diego
7925,chicago
